NT_ID;NT_COD;NT_SYM;UNIT;NT_NME;NT_NMF;TAGNAME;NT_DEC
203.00000;203.00000;PROT;g;PROTEIN;PROTÉINES;PROCNT;2.00000
204.00000;204.00000;FAT;g;FAT (TOTAL LIPIDS);LIPIDES TOTAUX;FAT;2.00000
205.00000;205.00000;CARB;g;CARBOHYDRATE, TOTAL (BY DIFFERENCE);GLUCIDES TOTAUX (PAR DIFFÉRENCE);CHOCDF;2.00000
207.00000;207.00000;ASH;g;ASH, TOTAL;CENDRES, TOTALES;ASH;3.00000
208.00000;208.00000;KCAL;kCal;ENERGY (KILOCALORIES);ÉNERGIE (KILOCALORIES);ENERC_KCAL;0.00000
210.00000;210.00000;SUCR;g;SUCROSE;SUCROSE;SUCS;2.00000
211.00000;211.00000;GLUC;g;GLUCOSE;GLUCOSE;GLUS;2.00000
212.00000;212.00000;FRUC;g;FRUCTOSE;FRUCTOSE;FRUS;2.00000
213.00000;213.00000;LACT;g;LACTOSE;LACTOSE;LACS;2.00000
214.00000;214.00000;MALT;g;MALTOSE;MALTOSE;MALS;2.00000
221.00000;221.00000;ALCO;g;ALCOHOL;ALCOOL;ALC;1.00000
245.00000;245.00000;OXAL;mg;OXALIC ACID;ACIDE OXALIQUE;OXALAC;0.00000
255.00000;255.00000;H2O;g;MOISTURE;EAU;WATER;2.00000
260.00000;260.00000;MANN;g;MANNITOL;MANNITOL;MANTL;3.00000
261.00000;261.00000;SORB;g;SORBITOL;SORBITOL;SORTL;3.00000
262.00000;262.00000;CAFF;mg;CAFFEINE;CAFÉINE;CAFFN;0.00000
263.00000;263.00000;THBR;mg;THEOBROMINE;THÉOBROMINE;THEBRN;0.00000
268.00000;268.00000;KJ;kJ;ENERGY (KILOJOULES);ÉNERGIE (KILOJOULES);ENERC_KJ;0.00000
269.00000;269.00000;TSUG;g;SUGARS, TOTAL;SUCRES TOTAUX;SUGAR;2.00000
287.00000;287.00000;GAL;g;GALACTOSE;GALACTOSE;GALS;2.00000
288.00000;288.00000;RAFF;g;RAFFINOSE;RAFFINOSE;RAFS;0.00000
289.00000;289.00000;STAC;g;STACHYOSE;STACHYOSE;STAS;3.00000
291.00000;291.00000;TDF;g;FIBRE, TOTAL DIETARY;FIBRES ALIMENTAIRES TOTALES;FIBTG;1.00000
301.00000;301.00000;CA;mg;CALCIUM;CALCIUM;CA;0.00000
303.00000;303.00000;FE;mg;IRON;FER;FE;2.00000
304.00000;304.00000;MG;mg;MAGNESIUM;MAGNÉSIUM;MG;0.00000
305.00000;305.00000;P;mg;PHOSPHORUS;PHOSPHORE;P;0.00000
306.00000;306.00000;K;mg;POTASSIUM;POTASSIUM;K;0.00000
307.00000;307.00000;NA;mg;SODIUM;SODIUM;NA;0.00000
309.00000;309.00000;ZN;mg;ZINC;ZINC;ZN;2.00000
312.00000;312.00000;CU;mg;COPPER;CUIVRE;CU;3.00000
315.00000;315.00000;MN;mg;MANGANESE;MANGANÈSE;MN;3.00000
317.00000;317.00000;SE;µg;SELENIUM;SÉLÉNIUM;SE;1.00000
319.00000;319.00000;RT-µG;µg;RETINOL;RÉTINOL;RETOL;0.00000
321.00000;321.00000;BC-µG;µg;BETA CAROTENE;BÉTA CAROTÈNE;CARTB;0.00000
323.00000;323.00000;ATMG;mg;ALPHA-TOCOPHEROL;ALPHA-TOCOPHÉROL;TOCPHA;2.00000
324.00000;324.00000;D-IU;IU;VITAMIN D (INTERNATIONAL UNITS);VITAMINE D (UNITES INTERNATIONALES);VITD_IU;3.00000
339.00000;328.00000;D-µG;µg;VITAMIN D (MICROGRAMS);VITAMINE D (MICROGRAMMES);VITD_ µG;3.00000
401.00000;401.00000;VITC;mg;VITAMIN C;VITAMINE C;VITC;1.00000
404.00000;404.00000;THIA;mg;THIAMIN;THIAMINE;THIA;3.00000
405.00000;405.00000;RIBO;mg;RIBOFLAVIN;RIBOFLAVINE;RIBF;3.00000
406.00000;406.00000;N-MG;mg;NIACIN (NICOTINIC ACID) PREFORMED;NIACINE (ACIDE NICOTINIQUE) PRÉFORMÉE;NIA;3.00000
409.00000;409.00000;N-NE;NE;TOTAL NIACIN EQUIVALENT;ÉQUIVALENT EN NIACINE TOTALE;NIAEQ;3.00000
410.00000;410.00000;PANT;mg;PANTOTHENIC ACID;ACIDE PANTOTHÉNIQUE;PANTAC;3.00000
415.00000;415.00000;B6;mg;VITAMIN B-6;VITAMINE B-6;VITB6A;3.00000
417.00000;417.00000;FOLA;µg;TOTAL FOLACIN;FOLACINE TOTALE;FOL;0.00000
418.00000;418.00000;B12;µg;VITAMIN B-12;VITAMINE B-12;VITB12;2.00000
430.00000;430.00000;VITK;µg;VITAMIN K;VITAMINE K;VITK;1.00000
431.00000;431.00000;FOAC;µg;FOLIC ACID;ACIDE FOLIQUE;FOLAC;0.00000
501.00000;501.00000;TRP;g;TRYPTOPHAN;TRYPTOPHANE;TRP;3.00000
502.00000;502.00000;THR;g;THREONINE;THRÉONINE;THR;3.00000
503.00000;503.00000;ISO;g;ISOLEUCINE;ISOLEUCINE;ILE;3.00000
504.00000;504.00000;LEU;g;LEUCINE;LEUCINE;LEU;3.00000
505.00000;505.00000;LYS;g;LYSINE;LYSINE;LYS;3.00000
506.00000;506.00000;MET;g;METHIONINE;MÉTHIONINE;MET;3.00000
507.00000;507.00000;CYS;g;CYSTINE;CYSTINE;CYS;3.00000
508.00000;508.00000;PHE;g;PHENYLALANINE;PHÉNYLALANINE;PHE;3.00000
509.00000;509.00000;TYR;g;TYROSINE;TYROSINE;TYR;3.00000
510.00000;510.00000;VAL;g;VALINE;VALINE;VAL;3.00000
511.00000;511.00000;ARG;g;ARGININE;ARGININE;ARG;3.00000
512.00000;512.00000;HIS;g;HISTIDINE;HISTIDINE;HIS;3.00000
513.00000;513.00000;ALA;g;ALANINE;ALANINE;ALA;3.00000
514.00000;514.00000;ASP;g;ASPARTIC ACID;ACIDE ASPARTIQUE;ASP;3.00000
515.00000;515.00000;GLU;g;GLUTAMIC ACID;ACIDE GLUTAMIQUE;GLU;3.00000
516.00000;516.00000;GLY;g;GLYCINE;GLYCINE;GLY;3.00000
517.00000;517.00000;PRO;g;PROLINE;PROLINE;PRO;3.00000
518.00000;518.00000;SER;g;SERINE;SERINE;SER;3.00000
550.00000;550.00000;ASPA;mg;ASPARTAME;ASPARTAME;;0.00000
601.00000;601.00000;CHOL;mg;CHOLESTEROL;CHOLESTEROL;CHOLE;0.00000
605.00000;605.00000;TRFA;g;FATTY ACIDS, TRANS, TOTAL;ACIDES GRAS TRANS TOTAUX;FATRN;3.00000
606.00000;606.00000;TSAT;g;FATTY ACIDS, SATURATED, TOTAL;ACIDES GRAS SATURÉS TOTAUX;FASAT;3.00000
607.00000;607.00000;4:0;g;FATTY ACIDS, SATURATED, 4:0, BUTANOIC;ACIDES GRAS SATURÉS, 4:0, BUTANOÏQUE;F4D0;3.00000
608.00000;608.00000;6:0;g;FATTY ACIDS, SATURATED, 6:0, HEXANOIC;ACIDES GRAS SATURÉS, 6:0, HEXANOÏQUE;F6D0;3.00000
609.00000;609.00000;8:0;g;FATTY ACIDS, SATURATED, 8:0, OCTANOIC;ACIDES GRAS SATURÉS, 8:0, OCTANOÏQUE;F8D0;3.00000
610.00000;610.00000;10:0;g;FATTY ACIDS, SATURATED, 10:0, DECANOIC;ACIDES GRAS SATURÉS, 10:0, DÉCANOÏQUE;F10D0;3.00000
611.00000;611.00000;12:0;g;FATTY ACIDS, SATURATED, 12:0, DODECANOIC;ACIDES GRAS SATURÉS, 12:0, DODÉCANOÏQUE;F12D0;3.00000
612.00000;612.00000;14:0;g;FATTY ACIDS, SATURATED, 14:0, TETRADECANOIC;ACIDES GRAS SATURÉS, 14:0, TÉTRADÉCANOÏQUE;F14D0;3.00000
613.00000;613.00000;16:0;g;FATTY ACIDS, SATURATED, 16:0, HEXADECANOIC;ACIDES GRAS SATURÉS, 16:0, HEXADÉCANOÏQUE;F16D0;3.00000
614.00000;614.00000;18:0;g;FATTY ACIDS, SATURATED, 18:0, OCTADECANOIC;ACIDES GRAS SATURÉS, 18:0,  OCTADÉCANOÏQUE;F18D0;3.00000
615.00000;615.00000;20:0;g;FATTY ACIDS, SATURATED, 20:0, EICOSANOIC;ACIDES GRAS SATURÉS, 20:0, EÏCOSANOÏQUE;F20D0;3.00000
617.00000;617.00000;18:1undiff;g;FATTY ACIDS, MONOUNSATURATED, 18:1undifferentiated, OCTADECENOIC;ACIDES GRAS MONOINSATURÉS, 18:1non différencié, OCTADÉCÉNOÏQUE;F18D1;3.00000
618.00000;618.00000;18:2undiff;g;FATTY ACIDS, POLYUNSATURATED, 18:2undifferentiated, LINOLEIC, OCTADECADIENOIC;ACIDES GRAS POLYINSATURÉS, 18:2non différencié,  LINOLÉIQUE, OCTADÉCADIÉNOÏQUE;F18D2;3.00000
619.00000;619.00000;18:3undiff;g;FATTY ACIDS, POLYUNSATURATED, 18:3undifferentiated, LINOLENIC, OCTADECATRIENOIC;ACIDES GRAS POLYINSATURÉS, 18:3non différencié, LINOLÉNIQUE, OCTADÉCATRIÉNOÏQUE;F18D3;3.00000
620.00000;620.00000;20:4;g;FATTY ACIDS, POLYUNSATURATED, 20:4, ARACHIDONIC;ACIDES GRAS POLYINSATURÉS, 20:4, ARACHIDONIQUE;F20D4;3.00000
621.00000;621.00000;22:6n-3;g;FATTY ACIDS, POLYUNSATURATED, 22:6 n-3, DOCOSAHEXAENOIC;ACIDES GRAS POLYINSATURÉS,  22:6 n-3, DOCOSAHEXAÉNOÏQUE;F22D6N3;3.00000
624.00000;624.00000;22:0;g;FATTY ACIDS, SATURATED, 22:0, DOCOSANOIC;ACIDES GRAS SATURÉS, 22:0, DOCOSANOÏQUE;F22D0;3.00000
625.00000;625.00000;14:1;g;FATTY ACIDS, MONOUNSATURATED, 14:1, TETRADECENOIC;ACIDES GRAS MONOINSATURÉS, 14:1, TÉTRADÉCÉNOÏQUE;F14D1;3.00000
626.00000;626.00000;16:1undiff;g;FATTY ACIDS, MONOUNSATURATED, 16:1undifferentiated, HEXADECENOIC;ACIDES GRAS MONOINSATURÉS, 16:1non différencié, HEXADÉCÉNOÏQUE;F16D1;3.00000
627.00000;627.00000;18:4;g;FATTY ACIDS, POLYUNSATURATED, 18:4, OCTADECATETRAENOIC;ACIDES GRAS POLYINSATURÉS, 18:4, OCTADÉCATÉTRAÉNOÏQUE;F18D4;3.00000
628.00000;628.00000;20:1;g;FATTY ACIDS, MONOUNSATURATED, 20:1, EICOSENOIC;ACIDES GRAS MONOINSATURÉS, 20:1, EÏCOSÉNOÏQUE;F20D1;3.00000
629.00000;629.00000;20:5n-3;g;FATTY ACIDS, POLYUNSATURATED, 20:5 n-3, EICOSAPENTAENOIC;ACIDES GRAS POLYINSATURÉS, 20:5 n-3, EÏCOSAPENTAÉNOÏQUE;F20D5N3;3.00000
630.00000;630.00000;22:1undiff;g;FATTY ACIDS, MONOUNSATURATED, 22:1undifferentiated, DOCOSENOIC;ACIDES GRAS MONOINSATURÉS, 22:1non différencié, DOCOSÉNOÏQUE;F22D1;3.00000
631.00000;631.00000;22:5n-3;g;FATTY ACIDS, POLYUNSATURATED, 22:5 n-3, DOCOSAPENTAENOIC;ACIDES GRAS POLYINSATURÉS, 22:5 n-3, DOCOSAPENTAÉNOÏQUE;F22D5N3;3.00000
636.00000;636.00000;TPST;mg;TOTAL PLANT STEROL;STÉROLS VÉGÉTAUX TOTAUX;PHYSTR;0.00000
638.00000;638.00000;STIG;mg;STIGMASTEROL;STIGMASTÉROL;STID7;0.00000
645.00000;645.00000;MUFA;g;FATTY ACIDS, MONOUNSATURATED, TOTAL;ACIDES GRAS MONOINSATURÉS  TOTAUX;FAMS;3.00000
646.00000;646.00000;PUFA;g;FATTY ACIDS, POLYUNSATURATED, TOTAL;ACIDES GRAS POLYINSATURÉS TOTAUX;FAPU;3.00000
652.00000;652.00000;15:0;g;FATTY ACIDS, SATURATED, 15:0, PENTADECANOIC;ACIDES GRAS SATURÉS, 15:0, PENTADÉCANOÏQUE;F15D0;3.00000
653.00000;653.00000;17:0;g;FATTY ACIDS, SATURATED, 17:0, HEPTADECANOIC;ACIDES GRAS SATURÉS, 17:0, HEPTADÉCANOÏQUE;F17D0;3.00000
654.00000;654.00000;24:0;g;FATTY ACIDS, SATURATED, 24:0, TETRACOSANOIC;ACIDES GRAS SATURÉS, 24:0, TÉTRASANOÏQUE;F24D0;3.00000
802.00000;802.00000;TMOS;g;TOTAL MONOSACCARIDES;MONOSACCHARIDES TOTAUX;MNSAC;0.00000
803.00000;803.00000;TDIS;g;TOTAL DISACCHARIDES;DISACCHARIDES TOTAUX;DISAC;0.00000
806.00000;432.00000;FOLN;µg;NATURALLY OCCURRING FOLATE;FOLATES PRÉSENTS NATURELLEMENT;FOLFD;0.00000
810.00000;209.00000;STAR;g;STARCH;AMIDON;STARCH;2.00000
811.00000;341.00000;BTMG;mg;BETA-TOCOPHEROL;BÊTA-TOCOPHÉROL;TOCPHB;2.00000
812.00000;342.00000;GTMG;mg;GAMMA-TOCOPHEROL;GAMMA-TOCOPHÉROL;TOCPHG;2.00000
813.00000;343.00000;DTMG;mg;DELTA-TOCOPHEROL;DELTA-TOCOPHÉROL;TOCPHD;2.00000
814.00000;320.00000;RAE;µg;RETINOL ACTIVITY EQUIVALENTS;ÉQUIVALENTS D'ACTIVITÉ DU RÉTINOL;VITA_RAE;0.00000
815.00000;435.00000;DFE;µg;DIETARY FOLATE EQUIVALENTS;ÉQUIVALENTS DE FOLATE ALIMENTAIRE (ÉFA);FOLDFE;0.00000
817.00000;662.00000;16:1t;g;FATTY ACIDS, MONOUNSATURATED, 16:1t, HEXADECENOIC;ACIDES GRAS MONOINSATURÉS, 16:1t, HEXADÉCÉNOÏQUE;F16D1T;3.00000
818.00000;663.00000;18:1t;g;FATTY ACIDS, MONOUNSATURATED, 18:1t, OCTADECENOIC;ACIDE GRAS MONOINSATURÉS, 18:1t, OCTADÉCÉNOÏQUE;F18D1T;3.00000
819.00000;666.00000;18:2i;g;FATTY ACIDS, POLYUNSATURATED, 18:2i, LINOLEIC, OCTADECADIENOIC;ACIDES GRAS POLYINSATURÉS, 18:2i, LINOLÉIQUE, OCTADÉCADIÉNOÏQUE;;3.00000
820.00000;671.00000;24:1c;g;FATTY ACIDS, MONOUNSATURATED, 24:1c, TETRACOSENOIC;ACIDES GRAS MONOINSATURÉS, 24:1c, TÉTRACOSÉNOÏQUE;F24D1C;3.00000
821.00000;673.00000;16:1c;g;FATTY ACIDS, MONOUNSATURATED, 16:1c, HEXADECENOIC;ACIDES GRAS MONOINSATURÉS, 16:1c, HEXADÉCÉNOÏQUE;F16D1C;3.00000
823.00000;672.00000;20:2cc;g;FATTY ACIDS, POLYUNSATURATED, 20:2 c,c  EICOSADIENOIC;ACIDES GRAS POLYINSATURÉS, 20:2 c,c  EÏCOSADIÉNOÏQUE;F20D2CN6;3.00000
824.00000;674.00000;18:1c;g;FATTY ACIDS, MONOUNSATURATED, 18:1c, OCTADECENOIC;ACIDES GRAS MONOINSATURÉS, 18:1c, OCTADÉCÉNOÏQUE;F18D1C;3.00000
825.00000;675.00000;18:2ccn-6;g;FATTY ACIDS, POLYUNSATURATED, 18:2 c,c n-6,  LINOLEIC, OCTADECADIENOIC;ACIDES GRAS POLYINSATURÉS, 18:2 c,c n-6, LINOLÉIQUE, OCTADÉCADIÉNOÏQUE;F18D2CN6;3.00000
826.00000;687.00000;17:1;g;FATTY ACIDS, MONOUNSATURATED, 17:1, HEPTADECENOIC;ACIDES GRAS MONOINSATURÉS, 17:1, HEPTADÉCÉNOÏQUE;F17D1;3.00000
827.00000;689.00000;20:3;g;FATTY ACIDS, POLYUNSATURATED, 20:3, EICOSATRIENOIC;ACIDES GRAS POLYINSATURÉS, 20:3, EÏCOSATRIÉNOÏQUE;F20D3;3.00000
828.00000;521.00000;HYP;g;HYDROXYPROLINE;HYDROXYPROLINE;HYP;3.00000
829.00000;693.00000;TRMO;g;FATTY ACIDS, TOTAL TRANS-MONOENOIC;ACIDES GRAS TRANS MONOÉNOÏQUES TOTAUX;FATRNM;3.00000
830.00000;696.00000;13:0;g;FATTY ACIDS, SATURATED, 13:0 TRIDECANOIC;ACIDES GRAS SATURÉS, 13:0, TRIDÉCANOÏQUE;F13D0;3.00000
831.00000;851.00000;18:3cccn-3;g;FATTY ACIDS, POLYUNSATURATED, 18:3 c,c,c n-3  LINOLENIC, OCTADECATRIENOIC;ACIDES GRAS POLYINSATURÉS, 18:3 c,c,c  n-3, LINOLÉNIQUE, OCTADÉCATRIÉNOÏQUE;F18D3CN3;3.00000
832.00000;685.00000;18:3cccn-6;g;FATTY ACIDS, POLYUNSATURATED, 18:3 c,c,c n-6, g-LINOLENIC, OCTADECATRIENOIC;ACIDES GRAS POLYINSATURÉS, 18:3 c,c,c n-6, g-LINOLÉNIQUE, OCTADÉCATRIÉNOÏQUE;F18D3CN6;3.00000
833.00000;697.00000;15:1;g;FATTY ACIDS, MONOUNSATURATED, 15:1, PENTADECENOIC;ACIDES GRAS MONOINSATURÉS, 15:1, PENTADÉCÉNOÏQUE;F15D1;3.00000
834.00000;322.00000;AC-µG;µg;ALPHA CAROTENE;ALPHA-CAROTÈNE;CARTA;0.00000
835.00000;334.00000;CRYPX;µg;BETA CRYPTOZANTHIN;BÊTA-CRYPTOZANTHINE;CRYPX;0.00000
836.00000;337.00000;LYCPN;µg;LYCOPENE;LYCOPÈNE;LYCPN;0.00000
837.00000;338.00000;LUT+ZEA;µg;LUTEIN AND ZEAXANTHIN;LUTÉINE ET ZÉAXANTHINE;LUT+ZEA;0.00000
838.00000;670.00000;18:2cla;g;FATTY ACIDS, POLYUNSATURATED, CONJUGATED, 18:2 cla, LINOLEIC, OCTADECADIENOIC;ACIDES GRAS POLYINSATURÉS CONJUGUÉS, 18:2 cla, LINOLÉIQUE, OCTADÉCADIÉNOÏQUE;F18D2CLA;3.00000
840.00000;676.00000;22:1c;g;FATTY ACIDS, MONOUNSATURATED, 22:1c, DOCOSENOIC;ACIDES GRAS MONOINSATURÉS, 22:1c, DOCOSÉNOÏQUE;;3.00000
841.00000;856.00000;18:3i;g;FATTY ACIDS, POLYUNSATURATED, 18:3i, LINOLENIC, OCTADECATRIENOIC;ACIDES GRAS POLYINSATURÉS, 18:3i, LINOLÉNIQUE, OCTADÉCATRIÉNOÏQUE;;3.00000
843.00000;857.00000;21:5;g;FATTY ACIDS, POLYUNSATURATED, 21:5;ACIDES GRAS POLYINSATURÉS,  21:5;;3.00000
845.00000;858.00000;22:4n-6;g;FATTY ACIDS, POLYUNSATURATED, 22:4 n-6, DOCOSATETRAENOIC;ACIDES GRAS POLYINSATURÉS, 22:4n-6, DOCOSATÉTRAÉNOÏQUE;F22D4;3.00000
846.00000;859.00000;24:1undiff;g;FATTY ACIDS, MONOUNSATURATED,  24:1undifferentiated, TETRACOSENOIC;ACIDES GRAS MONOINSATURÉS, 24:1non différencié, TÉTRACOSÉNOÏQUE;F24D1;3.00000
847.00000;860.00000;12:1;g;FATTY ACIDS, MONOUNSATURATED, 12:1, LAUROLEIC;ACIDES GRAS MONOINSATURÉS, 12:1, LAUROLEIC;F12D1;3.00000
848.00000;861.00000;22:3;g;FATTY ACIDS, POLYUNSATURATED, 22:3,;ACIDES GRAS POLYINSATURÉS, 22:3;F22D3;3.00000
849.00000;862.00000;22:2;g;FATTY ACIDS, POLYUNSATURATED, 22:2, DOCOSADIENOIC;ACIDES GRAS POLYINSATURÉS, 22:2, DOCOSADIÉNOÏQUE;F22D2;3.00000
852.00000;664.00000;22:1t;g;FATTY ACIDS, MONOUNSATURATED, 22:1t, DOCOSENOIC;ACIDE GRAS MONOINSATURÉS, 22:1t, DOCOSÉNOÏQUE;;3.00000
853.00000;669.00000;18:2t,t;g;FATTY ACIDS, POLYUNSATURATED, 18:2t,t , OCTADECADIENENOIC;ACIDES GRAS POLYINSATURÉS, 18:2t,t , OCTADECADIÉNOÏQUE;;3.00000
854.00000;853.00000;20:3n-6;g;FATTY ACIDS, POLYUNSATURATED, 20:3 n-6, EICOSATRIENOIC;ACIDES GRAS POLYINSATURÉS, 20:3 n-6, EÏCOSATRIÉNOÏQUE;F20D3N6;3.00000
855.00000;855.00000;20:4n-6;g;FATTY ACIDS, POLYUNSATURATED, 20:4 n-6,  EICOSATETRAENOIC;ACIDES GRAS POLYINSATURÉS, 20:4 n-6, EÏCOSATÉTRAÉNOÏQUE;F20D4N6;3.00000
857.00000;900.00000;TCMO;g;FATTY ACIDS, TOTAL CIS MONOENOIC;ACIDES GRAS CIS MONOÉNOÏQUES TOTAUX;;3.00000
858.00000;901.00000;TCPO;g;FATTY ACIDS, TOTAL  CIS POLYENOIC;ACIDES GRAS, CIS POLYÉNOÏQUES, TOTAUX;;3.00000
859.00000;695.00000;TRPO;g;FATTY ACIDS, TOTAL TRANS-POLYENOIC;ACIDES GRAS TRANS POLYÉNOÏQUES TOTAUX;FATRNP;3.00000
861.00000;852.00000;20:3n-3;g;FATTY ACIDS, POLYUNSATURATED, 20:3 n-3;ACIDES GRAS POLYINSATURÉS, 20:3 n-3;F20D3N3;3.00000
862.00000;421.00000;CHOLN;mg;CHOLINE, TOTAL;CHOLINE, TOTALE;CHOLN;1.00000
863.00000;454.00000;BETN;mg;BETAINE;BÉTAÏNE;BETN;1.00000
868.00000;902.00000;TOmega n-3;g;FATTY ACIDS, POLYUNSATURATED, TOTAL OMEGA  N-3;ACIDES GRAS POLYINSATURÉS, TOTAUX D'OMÉGA N-3;FAPUN3;3.00000
869.00000;903.00000;TOmega n-6;g;FATTY ACIDS, POLYUNSATURATED, TOTAL OMEGA   N-6;ACIDES GRAS POLYINSATURÉS, TOTAUX D'OMÉGA N-6;FAPUN6;3.00000
